"Tanggal","Terakhir","Pembukaan","Tertinggi","Terendah","Vol.","Perubahan%"
"31/12/2023","501,72","494,13","507,33","492,62","8,60B","1,31%"
"24/12/2023","495,21","493,55","497,16","491,29","7,16B","0,77%"
"17/12/2023","491,41","489,26","493,39","482,15","25,30B","0,17%"
"10/12/2023","490,57","484,80","492,93","475,13","73,40B","0,68%"
"03/12/2023","487,25","487,45","495,20","480,04","79,79B","-0,04%"
"26/11/2023","487,43","478,60","487,43","476,86","37,27B","1,84%"
"19/11/2023","478,60","474,27","481,55","470,80","35,83B","0,91%"
"12/11/2023","474,27","465,45","477,43","465,04","32,49B","1,89%"
"05/11/2023","465,45","466,85","475,44","464,27","30,41B","-0,30%"
"29/10/2023","466,85","459,20","472,48","453,10","43,73B","1,66%"
"22/10/2023","459,22","470,40","475,20","457,87","22,94B","-2,38%"
"15/10/2023","470,40","484,89","487,41","466,48","44,12B","-2,99%"
"08/10/2023","484,88","488,63","493,01","483,30","30,22B","-0,77%"
"01/10/2023","488,63","493,35","497,98","487,72","17,76B","-0,96%"
"24/09/2023","493,35","500,64","501,47","491,38","18,14B","-1,45%"
"17/09/2023","500,62","497,95","506,74","494,58","13,04B","0,54%"
"10/09/2023","497,95","495,26","500,40","491,79","23,11B","0,54%"
"03/09/2023","495,26","502,51","506,51","492,75","17,58B","-1,44%"
"27/08/2023","502,49","495,68","505,13","495,68","24,63B","1,38%"
"20/08/2023","495,63","495,62","501,87","493,14","18,25B","0,01%"
"13/08/2023","495,60","500,02","503,08","494,63","16,20B","-0,88%"
"06/08/2023","500,02","498,29","504,46","498,29","26,94B","0,35%"
"30/07/2023","498,29","499,60","505,52","497,14","15,44B","-0,26%"
"23/07/2023","499,60","500,62","506,34","495,61","14,77B","-0,20%"
"16/07/2023","500,62","500,84","505,51","494,49","17,12B","-0,04%"
"09/07/2023","500,82","491,86","501,14","491,86","15,63B","1,82%"
"02/07/2023","491,86","491,25","498,20","491,14","13,71B","0,12%"
"25/06/2023","491,27","489,85","494,20","488,11","8,39B","0,29%"
"18/06/2023","489,85","495,55","497,66","489,55","13,88B","-1,15%"
"11/06/2023","495,55","497,50","497,86","490,84","25,94B","-0,38%"
"04/06/2023","497,44","494,61","498,23","489,17","36,75B","0,57%"
"28/05/2023","494,61","490,24","494,99","485,69","63,18B","0,90%"
"21/05/2023","490,20","488,91","496,53","486,46","26,09B","0,26%"
"14/05/2023","488,91","485,01","490,85","480,94","21,73B","0,82%"
"07/05/2023","484,93","492,35","493,95","484,70","32,85B","-1,51%"
"30/04/2023","492,37","501,01","501,82","487,47","15,11B","-1,72%"
"23/04/2023","501,01","494,09","505,18","494,09","15,53B","1,40%"
"16/04/2023","494,09","495,63","496,63","489,31","4,67B","-0,31%"
"09/04/2023","495,62","488,25","497,49","483,44","28,74B","1,51%"
"02/04/2023","488,25","488,29","494,85","486,90","17,39B","-0,01%"
"26/03/2023","488,29","490,93","495,32","484,15","17,18B","-0,54%"
"19/03/2023","490,93","482,45","492,62","475,13","14,33B","1,76%"
"12/03/2023","482,45","487,65","492,31","471,80","54,27B","-1,07%"
"05/03/2023","487,68","488,73","494,31","484,06","21,06B","-0,21%"
"26/02/2023","488,70","492,33","497,12","487,99","21,12B","-0,74%"
"19/02/2023","492,33","496,31","497,98","485,63","23,85B","-0,80%"
"12/02/2023","496,30","495,15","499,57","492,83","31,50B","0,23%"
"05/02/2023","495,15","495,77","501,34","487,23","19,17B","-0,13%"
"29/01/2023","495,77","495,38","498,73","487,13","24,54B","0,08%"
"22/01/2023","495,38","491,05","498,79","485,68","20,73B","0,88%"
"15/01/2023","491,05","471,05","492,23","469,83","26,76B","4,24%"
"08/01/2023","471,05","474,97","478,21","462,43","18,95B","-0,82%"
"01/01/2023","474,97","488,14","491,86","468,00","12,41B","-2,70%"
"25/12/2022","488,14","487,07","492,08","482,93","16,61B","0,22%"
"18/12/2022","487,07","497,07","498,54","486,60","14,56B","-2,02%"
"11/12/2022","497,13","487,71","501,48","482,82","47,41B","1,93%"
"04/12/2022","487,71","517,63","517,63","483,49","8,80B","-5,78%"
"27/11/2022","517,63","526,66","529,58","514,24","17,68B","-1,71%"
"20/11/2022","526,66","531,11","533,56","522,79","10,30B","-0,84%"
"13/11/2022","531,12","533,93","535,05","520,20","11,40B","-0,53%"
"06/11/2022","533,93","529,36","536,22","520,91","13,00B","0,86%"
"30/10/2022","529,36","530,20","536,44","520,57","11,06B","-0,25%"
"23/10/2022","530,70","526,53","534,65","526,53","12,68B","0,78%"
"16/10/2022","526,57","508,99","531,37","503,99","11,24B","3,47%"
"09/10/2022","508,93","528,30","528,39","508,93","8,68B","-3,67%"
"02/10/2022","528,30","534,58","540,35","526,72","8,10B","-1,17%"
"25/09/2022","534,58","541,91","543,46","525,26","10,81B","-1,35%"
"18/09/2022","541,91","537,49","548,96","536,14","10,82B","0,82%"
"11/09/2022","537,49","547,27","558,58","537,49","15,04B","-1,78%"
"04/09/2022","547,25","541,46","552,01","538,57","11,50B","1,07%"
"28/08/2022","541,46","539,05","549,96","528,00","11,16B","0,43%"
"21/08/2022","539,13","544,72","547,68","535,38","10,28B","-1,02%"
"14/08/2022","544,69","538,68","550,48","534,04","11,10B","1,11%"
"07/08/2022","538,68","536,62","544,42","529,22","12,58B","0,39%"
"31/07/2022","536,59","520,23","537,24","517,30","14,03B","3,15%"
"24/07/2022","520,20","518,04","528,77","513,77","13,00B","0,41%"
"17/07/2022","518,07","499,11","519,77","494,15","13,33B","3,81%"
"10/07/2022","499,04","511,53","513,73","494,98","10,91B","-2,44%"
"03/07/2022","511,51","519,41","519,66","499,41","13,43B","-1,53%"
"26/06/2022","519,46","544,03","546,08","516,88","14,14B","-4,52%"
"19/06/2022","544,03","533,11","546,96","526,33","21,35B","2,06%"
"12/06/2022","533,06","533,98","553,57","529,25","30,67B","-2,09%"
"05/06/2022","544,44","554,49","561,74","541,14","21,37B","-2,32%"
"29/05/2022","557,40","555,10","564,99","544,77","9,72B","1,00%"
"22/05/2022","551,89","543,87","551,89","532,31","8,33B","1,75%"
"15/05/2022","542,40","533,60","546,64","529,29","9,45B","1,73%"
"08/05/2022","533,18","572,92","574,06","526,82","13,20B","-8,56%"
"01/05/2022","583,11","583,11","583,11","583,11","","0,00%"
"24/04/2022","583,11","563,79","587,49","558,23","9,25B","2,94%"
"17/04/2022","566,44","554,93","572,61","554,33","10,15B","2,33%"
"10/04/2022","553,54","557,54","559,41","547,75","7,56B","-0,70%"
"03/04/2022","557,45","549,41","558,53","546,26","7,91B","1,55%"
"27/03/2022","548,96","543,74","551,64","542,34","10,84B","0,88%"
"20/03/2022","544,18","535,64","549,20","533,61","10,65B","1,43%"
"13/03/2022","536,52","538,48","546,13","534,35","14,50B","0,26%"
"06/03/2022","535,14","530,46","541,52","527,04","16,13B","0,38%"
"27/02/2022","533,11","539,44","540,47","522,42","8,37B","1,03%"
"20/02/2022","527,70","524,20","528,71","514,77","10,79B","0,77%"
"13/02/2022","523,68","515,87","525,23","509,68","7,27B","0,97%"
"06/02/2022","518,63","510,31","522,81","508,65","8,96B","2,13%"
"30/01/2022","507,80","509,46","509,46","501,55","5,45B","-0,07%"
"23/01/2022","508,18","510,53","511,21","497,74","3,91B","-1,08%"
"16/01/2022","513,72","512,06","513,72","498,55","3,43B","0,78%"
"09/01/2022","509,73","507,53","511,05","501,02","3,63B","0,40%"
"02/01/2022","507,70","497,79","509,32","496,97","3,78B","2,13%"